[
  {
    "id": 1,
    "name": "Shanghai",
    "city": "Shanghai",
    "country": "China",
    "lat": 30.74,
    "lng": 121.42
  },
  {
    "id": 2,
    "name": "Singapore",
    "city": "Singapore",
    "country": "Singapore",
    "lat": 1.27,
    "lng": 103.83
  },
  {
    "id": 3,
    "name": "Ningbo",
    "city": "Ningbo",
    "country": "China",
    "lat": 29.93,
    "lng": 121.88
  },
  {
    "id": 4,
    "name": "Shenzhen",
    "city": "Shenzhen",
    "country": "China",
    "lat": 38.25,
    "lng": 119.16
  },
  {
    "id": 5,
    "name": "Guangzhou",
    "city": "Guangzhou",
    "country": "China",
    "lat": 23.07,
    "lng": 113.42
  },
  {
    "id": 6,
    "name": "Qingdao",
    "city": "Qingdao",
    "country": "China",
    "lat": 35.59,
    "lng": 119.79
  },
  {
    "id": 7,
    "name": "Tianjin",
    "city": "Tianjin",
    "country": "China",
    "lat": 40.7,
    "lng": 120.96
  },
  {
    "id": 8,
    "name": "Hong Kong",
    "city": "Hong Kong",
    "country": "China",
    "lat": 22.29,
    "lng": 114.17
  },
  {
    "id": 9,
    "name": "Busan",
    "city": "Busan",
    "country": "South Korea",
    "lat": 35.11,
    "lng": 129.06
  },
  {
    "id": 10,
    "name": "Kaohsiung",
    "city": "Kaohsiung",
    "country": "Taiwan",
    "lat": 22.58,
    "lng": 120.3
  },
  {
    "id": 11,
    "name": "Xiamen",
    "city": "Xiamen",
    "country": "China",
    "lat": 24.45,
    "lng": 118.07
  },
  {
    "id": 12,
    "name": "Dalian",
    "city": "Dalian",
    "country": "China",
    "lat": 38.94,
    "lng": 121.66
  },
  {
    "id": 13,
    "name": "Yokohama",
    "city": "Yokohama",
    "country": "Japan",
    "lat": 35.45,
    "lng": 139.68
  },
  {
    "id": 14,
    "name": "Tokyo",
    "city": "Tokyo",
    "country": "Japan",
    "lat": 35.51,
    "lng": 139.94
  },
  {
    "id": 15,
    "name": "Nagoya",
    "city": "Nagoya",
    "country": "Japan",
    "lat": 35.05,
    "lng": 136.86
  },
  {
    "id": 16,
    "name": "Osaka",
    "city": "Osaka",
    "country": "Japan",
    "lat": 34.63,
    "lng": 135.42
  },
  {
    "id": 17,
    "name": "Kobe",
    "city": "Kobe",
    "country": "Japan",
    "lat": 34.61,
    "lng": 135.02
  },
  {
    "id": 18,
    "name": "Laem Chabang",
    "city": "Laem Chabang",
    "country": "Thailand",
    "lat": 13.06,
    "lng": 100.88
  },
  {
    "id": 19,
    "name": "Bangkok",
    "city": "Bangkok",
    "country": "Thailand",
    "lat": 13.68,
    "lng": 100.52
  },
  {
    "id": 20,
    "name": "Ho Chi Minh City",
    "city": "Ho Chi Minh City",
    "country": "Vietnam",
    "lat": 10.77,
    "lng": 106.71
  },
  {
    "id": 21,
    "name": "Hai Phong",
    "city": "Hai Phong",
    "country": "Vietnam",
    "lat": 20.55,
    "lng": 106.56
  },
  {
    "id": 22,
    "name": "Manila",
    "city": "Manila",
    "country": "Philippines",
    "lat": 14.64,
    "lng": 120.94
  },
  {
    "id": 23,
    "name": "Jakarta",
    "city": "Jakarta",
    "country": "Indonesia",
    "lat": 5.19,
    "lng": 105.61
  },
  {
    "id": 24,
    "name": "Surabaya",
    "city": "Surabaya",
    "country": "Indonesia",
    "lat": -7.19,
    "lng": 112.73
  },
  {
    "id": 25,
    "name": "Port Klang",
    "city": "Port Klang",
    "country": "Malaysia",
    "lat": 2.99,
    "lng": 101.39
  },
  {
    "id": 26,
    "name": "Tanjung Pelepas",
    "city": "Tanjung Pelepas",
    "country": "Malaysia",
    "lat": 1.36,
    "lng": 103.54
  },
  {
    "id": 27,
    "name": "Colombo",
    "city": "Colombo",
    "country": "Sri Lanka",
    "lat": 6.95,
    "lng": 79.85
  },
  {
    "id": 28,
    "name": "Karachi",
    "city": "Karachi",
    "country": "Pakistan",
    "lat": 24.78,
    "lng": 67.29
  },
  {
    "id": 29,
    "name": "Mumbai",
    "city": "Mumbai",
    "country": "India",
    "lat": 18.92,
    "lng": 72.87
  },
  {
    "id": 30,
    "name": "Mundra",
    "city": "Mundra",
    "country": "India",
    "lat": 22.73,
    "lng": 69.71
  },
  {
    "id": 31,
    "name": "Chennai",
    "city": "Chennai",
    "country": "India",
    "lat": 13.11,
    "lng": 80.3
  },
  {
    "id": 32,
    "name": "Kolkata",
    "city": "Kolkata",
    "country": "India",
    "lat": 22.55,
    "lng": 88.29
  },
  {
    "id": 33,
    "name": "Dubai",
    "city": "Dubai",
    "country": "U.A.E.",
    "lat": 25.27,
    "lng": 55.28
  },
  {
    "id": 34,
    "name": "Jebel Ali",
    "city": "Jebel Ali",
    "country": "U.A.E.",
    "lat": 24.99,
    "lng": 55.06
  },
  {
    "id": 35,
    "name": "Abu Dhabi",
    "city": "Abu Dhabi",
    "country": "U.A.E.",
    "lat": 24.53,
    "lng": 54.39
  },
  {
    "id": 36,
    "name": "Doha",
    "city": "Doha",
    "country": "Qatar",
    "lat": 25.3,
    "lng": 51.56
  },
  {
    "id": 37,
    "name": "Dammam",
    "city": "Dammam",
    "country": "Saudi Arabia",
    "lat": 26.51,
    "lng": 50.19
  },
  {
    "id": 38,
    "name": "Jeddah",
    "city": "Jeddah",
    "country": "Saudi Arabia",
    "lat": 21.46,
    "lng": 39.15
  },
  {
    "id": 39,
    "name": "Yanbu",
    "city": "Yanbu",
    "country": "Saudi Arabia",
    "lat": 24.08,
    "lng": 38.07
  },
  {
    "id": 40,
    "name": "Salalah",
    "city": "Salalah",
    "country": "Oman",
    "lat": 16.94,
    "lng": 54.01
  },
  {
    "id": 41,
    "name": "Muscat",
    "city": "Muscat",
    "country": "Oman",
    "lat": 23.66,
    "lng": 58.53
  },
  {
    "id": 42,
    "name": "Aden",
    "city": "Aden",
    "country": "Yemen",
    "lat": 12.77,
    "lng": 44.92
  },
  {
    "id": 43,
    "name": "Port Sudan",
    "city": "Port Sudan",
    "country": "Sudan",
    "lat": 19.61,
    "lng": 37.23
  },
  {
    "id": 44,
    "name": "Suez",
    "city": "Suez",
    "country": "Egypt",
    "lat": 29.94,
    "lng": 32.56
  },
  {
    "id": 45,
    "name": "Alexandria",
    "city": "Alexandria",
    "country": "Egypt",
    "lat": 31.19,
    "lng": 29.87
  },
  {
    "id": 46,
    "name": "Port Said",
    "city": "Port Said",
    "country": "Egypt",
    "lat": 31.26,
    "lng": 32.32
  },
  {
    "id": 47,
    "name": "Casablanca",
    "city": "Casablanca",
    "country": "Morocco",
    "lat": 33.61,
    "lng": -7.6
  },
  {
    "id": 48,
    "name": "Tangier",
    "city": "Tangier",
    "country": "Morocco",
    "lat": 35.79,
    "lng": -5.8
  },
  {
    "id": 49,
    "name": "Algiers",
    "city": "Algiers",
    "country": "Algeria",
    "lat": 36.77,
    "lng": 3.08
  },
  {
    "id": 50,
    "name": "Tunis",
    "city": "Tunis",
    "country": "Tunisia",
    "lat": 36.81,
    "lng": 10.3
  },
  {
    "id": 51,
    "name": "Tripoli",
    "city": "Tripoli",
    "country": "Libya",
    "lat": 32.9,
    "lng": 13.19
  },
  {
    "id": 52,
    "name": "Benghazi",
    "city": "Benghazi",
    "country": "Libya",
    "lat": 32.12,
    "lng": 20.05
  },
  {
    "id": 53,
    "name": "Lagos",
    "city": "Lagos",
    "country": "Nigeria",
    "lat": 4.76,
    "lng": 7.0
  },
  {
    "id": 54,
    "name": "Tema",
    "city": "Tema",
    "country": "Ghana",
    "lat": 5.63,
    "lng": 0.01
  },
  {
    "id": 55,
    "name": "Abidjan",
    "city": "Abidjan",
    "country": "Ivory Coast",
    "lat": 5.27,
    "lng": -4.02
  },
  {
    "id": 56,
    "name": "Dakar",
    "city": "Dakar",
    "country": "Senegal",
    "lat": 14.68,
    "lng": -17.42
  },
  {
    "id": 57,
    "name": "Conakry",
    "city": "Conakry",
    "country": "Guinea",
    "lat": 9.52,
    "lng": -13.72
  },
  {
    "id": 58,
    "name": "Luanda",
    "city": "Luanda",
    "country": "Angola",
    "lat": -6.26,
    "lng": 11.22
  },
  {
    "id": 59,
    "name": "Walvis Bay",
    "city": "Walvis Bay",
    "country": "Namibia",
    "lat": -22.95,
    "lng": 14.49
  },
  {
    "id": 60,
    "name": "Cape Town",
    "city": "Cape Town",
    "country": "South Africa",
    "lat": -33.91,
    "lng": 18.43
  },
  {
    "id": 61,
    "name": "Durban",
    "city": "Durban",
    "country": "South Africa",
    "lat": -29.88,
    "lng": 31.04
  },
  {
    "id": 62,
    "name": "Port Elizabeth",
    "city": "Port Elizabeth",
    "country": "U.S.A.",
    "lat": 40.68,
    "lng": -74.15
  },
  {
    "id": 63,
    "name": "Maputo",
    "city": "Maputo",
    "country": "Mozambique",
    "lat": -25.98,
    "lng": 32.57
  },
  {
    "id": 64,
    "name": "Beira",
    "city": "Beira",
    "country": "Mozambique",
    "lat": -19.82,
    "lng": 34.83
  },
  {
    "id": 65,
    "name": "Mombasa",
    "city": "Mombasa",
    "country": "Kenya",
    "lat": -4.05,
    "lng": 39.64
  },
  {
    "id": 66,
    "name": "Djibouti",
    "city": "Djibouti",
    "country": "Djibouti",
    "lat": 11.61,
    "lng": 43.13
  },
  {
    "id": 67,
    "name": "Rotterdam",
    "city": "Rotterdam",
    "country": "Netherlands",
    "lat": 51.96,
    "lng": 4.04
  },
  {
    "id": 68,
    "name": "Antwerp",
    "city": "Antwerp",
    "country": "Belgium",
    "lat": 51.35,
    "lng": 4.27
  },
  {
    "id": 69,
    "name": "Hamburg",
    "city": "Hamburg",
    "country": "Germany",
    "lat": 53.88,
    "lng": 9.14
  },
  {
    "id": 70,
    "name": "Bremerhaven",
    "city": "Bremerhaven",
    "country": "Germany",
    "lat": 53.56,
    "lng": 8.55
  },
  {
    "id": 71,
    "name": "Amsterdam",
    "city": "Amsterdam",
    "country": "Netherlands",
    "lat": 52.4,
    "lng": 4.88
  },
  {
    "id": 72,
    "name": "London",
    "city": "London",
    "country": "U.K.",
    "lat": 51.51,
    "lng": -0.08
  },
  {
    "id": 73,
    "name": "Felixstowe",
    "city": "Felixstowe",
    "country": "U.K.",
    "lat": 51.96,
    "lng": 1.3
  },
  {
    "id": 74,
    "name": "Southampton",
    "city": "Southampton",
    "country": "U.K.",
    "lat": 50.91,
    "lng": -1.46
  },
  {
    "id": 75,
    "name": "Liverpool",
    "city": "Liverpool",
    "country": "U.K.",
    "lat": 53.69,
    "lng": -3.55
  },
  {
    "id": 76,
    "name": "Dublin",
    "city": "Dublin",
    "country": "Ireland",
    "lat": 53.34,
    "lng": -6.2
  },
  {
    "id": 77,
    "name": "Belfast",
    "city": "Belfast",
    "country": "U.K.",
    "lat": 54.63,
    "lng": -5.89
  },
  {
    "id": 78,
    "name": "Glasgow",
    "city": "Glasgow",
    "country": "U.K.",
    "lat": 55.96,
    "lng": -4.76
  },
  {
    "id": 79,
    "name": "Le Havre",
    "city": "Le Havre",
    "country": "France",
    "lat": 49.47,
    "lng": 0.16
  },
  {
    "id": 80,
    "name": "Marseille",
    "city": "Marseille",
    "country": "France",
    "lat": 43.41,
    "lng": 4.88
  },
  {
    "id": 81,
    "name": "Barcelona",
    "city": "Barcelona",
    "country": "Spain",
    "lat": 41.34,
    "lng": 2.16
  },
  {
    "id": 82,
    "name": "Valencia",
    "city": "Valencia",
    "country": "Spain",
    "lat": 39.44,
    "lng": -0.31
  },
  {
    "id": 83,
    "name": "Algeciras",
    "city": "Algeciras",
    "country": "Spain",
    "lat": 36.13,
    "lng": -5.43
  },
  {
    "id": 84,
    "name": "Genoa",
    "city": "Genoa",
    "country": "Italy",
    "lat": 44.43,
    "lng": 8.76
  },
  {
    "id": 85,
    "name": "Gioia Tauro",
    "city": "Gioia Tauro",
    "country": "Italy",
    "lat": 38.44,
    "lng": 15.9
  },
  {
    "id": 86,
    "name": "Naples",
    "city": "Naples",
    "country": "Italy",
    "lat": 40.83,
    "lng": 14.27
  },
  {
    "id": 87,
    "name": "Venice",
    "city": "Venice",
    "country": "U.S.A.",
    "lat": 29.45,
    "lng": -89.6
  },
  {
    "id": 88,
    "name": "Trieste",
    "city": "Trieste",
    "country": "Italy",
    "lat": 45.63,
    "lng": 13.74
  },
  {
    "id": 89,
    "name": "Koper",
    "city": "Koper",
    "country": "Slovenia",
    "lat": 45.56,
    "lng": 13.73
  },
  {
    "id": 90,
    "name": "Piraeus",
    "city": "Piraeus",
    "country": "Greece",
    "lat": 37.94,
    "lng": 23.63
  },
  {
    "id": 91,
    "name": "Istanbul",
    "city": "Istanbul",
    "country": "Turkey",
    "lat": 41.0,
    "lng": 29.01
  },
  {
    "id": 92,
    "name": "Izmir",
    "city": "Izmir",
    "country": "Turkey",
    "lat": 38.45,
    "lng": 27.15
  },
  {
    "id": 93,
    "name": "Odessa",
    "city": "Odessa",
    "country": "Ukraine",
    "lat": 46.49,
    "lng": 30.75
  },
  {
    "id": 94,
    "name": "Novorossiysk",
    "city": "Novorossiysk",
    "country": "Russia",
    "lat": 44.71,
    "lng": 37.83
  },
  {
    "id": 95,
    "name": "St Petersburg",
    "city": "St Petersburg",
    "country": "Russia",
    "lat": 59.88,
    "lng": 30.18
  },
  {
    "id": 96,
    "name": "Gdansk",
    "city": "Gdansk",
    "country": "Poland",
    "lat": 54.38,
    "lng": 18.66
  },
  {
    "id": 97,
    "name": "Gothenburg",
    "city": "Gothenburg",
    "country": "Sweden",
    "lat": 56.03,
    "lng": 12.69
  },
  {
    "id": 98,
    "name": "Copenhagen",
    "city": "Copenhagen",
    "country": "Denmark",
    "lat": 55.71,
    "lng": 12.61
  },
  {
    "id": 99,
    "name": "Helsinki",
    "city": "Helsinki",
    "country": "Finland",
    "lat": 60.15,
    "lng": 24.91
  },
  {
    "id": 100,
    "name": "Tallinn",
    "city": "Tallinn",
    "country": "Estonia",
    "lat": 59.46,
    "lng": 24.73
  }
]